Crankenstien,Crankenstein,4,5.11+,Reimer's Ranch
Blowing Smoke at the Monkey,Dr. Seuss / Prototype Wall,3,5.11b,Reimer's Ranch
Bolt Talk,Dr. Seuss / Prototype Wall,3,5.11a,Reimer's Ranch
Spider Grind,Sex Cave,3,5.11,Reimer's Ranch
Wife in the Fast Lane,Crankenstein,3,5.11a,Reimer's Ranch
Centipede,Dead Cats,3,5.11a,Reimer's Ranch
Karen Carpenter,Oblivion Wall,3,5.11a,Reimer's Ranch
Cliptomania,Arbor Wall,3,5.11a,Reimer's Ranch
Unnatural,Dr. Seuss / Prototype Wall,3,5.11a,Reimer's Ranch
Rhetoric,Rhetoric Wall,3,5.11d,Reimer's Ranch
Bastards in the Brothel,House of Pain,3,5.11a,Reimer's Ranch
El Presidente,Tit for Tom,3,5.11a,Reimer's Ranch
Tufafest,Landfill Wall,4,5.11c,Reimer's Ranch
Blood of the Dead (sangre d…,Sex Canyon,3,5.11b,Reimer's Ranch
All Hail Broke Loose,Crankenstein,3,5.11d,Reimer's Ranch
Dude, where's my hammer?,Crankenstein,3,5.11-,Reimer's Ranch
Ten Foot Pole,Hand Beyond Wall,3,5.11c,Reimer's Ranch
Bongo Fury,Dr. Seuss / Prototype Wall,3,5.11c,Reimer's Ranch
Telegraph Road,Sex Canyon,3,5.11,Reimer's Ranch
Juniper,Arbor Wall,3,5.11a,Reimer's Ranch
Bolt Happy,Crankenstein,3,5.11d,Reimer's Ranch
Herbivore Connoisseur,Mai Tai Wall,3,5.11b,Reimer's Ranch
Rags to Riches,Millennium Wall,3,5.11b,Reimer's Ranch
Crack Attack,Insect Wall (including Block Party),3,5.11a,Reimer's Ranch
Mas Cerveza,Dr. Seuss / Prototype Wall,3,5.11b/c,Reimer's Ranch
Chainsaw,Arbor Wall,3,5.11a,Reimer's Ranch
Tit for Tom,Tit for Tom,3,5.11c,Reimer's Ranch
Butter Side Down,Dr. Seuss / Prototype Wall,3,5.11,Reimer's Ranch
Blank Page,Serpent Wall,2,5.11a,Reimer's Ranch
Dude Where's My Hammer,War on Rugs Wall,2,5.11-,Reimer's Ranch
Arborcidal Tendencies,Arbor Wall,3,5.11b,Reimer's Ranch
Mad Beef,World's Greatest Boulder,3,5.11a,Reimer's Ranch
About Face,Crankenstein,3,5.11b,Reimer's Ranch
The Great Unknown,Dead Cats,2,5.11a,Reimer's Ranch
Teenage Parties,War on Rugs Wall,3,5.11b,Reimer's Ranch
Ralph's Route,Dead Cats,3,5.11c,Reimer's Ranch
Ant Encouters,Crankenstein,3,5.11a,Reimer's Ranch
Horton Here's a Tufa,Dr. Seuss / Prototype Wall,2,5.11c,Reimer's Ranch
Teenage Parties,Crankenstein,2,5.11a/b,Reimer's Ranch
Burning Bush,Arbor Wall,2,5.11c,Reimer's Ranch
Thing 1 Thing 2,Dr. Seuss / Prototype Wall,2,5.11a,Reimer's Ranch
Ferntasm Twice Removed,Arbor Wall,2,5.11b,Reimer's Ranch
Neurotica,Tit for Tom,2,5.11d,Reimer's Ranch
Ant Encounters,War on Rugs Wall,2,5.11a,Reimer's Ranch
Pearl,War on Rugs Wall,2,5.11b,Reimer's Ranch
Angular Momentum,House of Pain,2,5.11+,Reimer's Ranch
Moraccan Snake Charmer (5.1…,Serpent Wall,2,5.11b,Reimer's Ranch
Pulmonary Choss,Sex Canyon,2,5.11c,Reimer's Ranch
Gang Bang,Crankenstein,2,5.11a,Reimer's Ranch
Mistaken Identity,Sex Canyon,2,5.11c,Reimer's Ranch
Friends and Lovers,King Bee Memorial Buttress,2,5.11a,Reimer's Ranch
Size Ain't Shit,World's Greatest Boulder,2,5.11b,Reimer's Ranch
Mona Pelagrosa,War on Rugs Wall,2,5.11d,Reimer's Ranch
Hidden Agenda,Hand Beyond Wall,2,5.11b,Reimer's Ranch
You Bet Arete,Crankenstein,2,5.11c,Reimer's Ranch
Friends and Lovers,Sex Canyon,1,5.11a,Reimer's Ranch
Snuff the Rooster,King Bee Memorial Buttress,1,5.11b/c,Reimer's Ranch
Sometimes I'm Dreamin',Landfill Wall,1,5.11d,Reimer's Ranch
Grass Attack,Crankenstein,1,5.11b,Reimer's Ranch
Pearl,Crankenstein,1,5.11b/c,Reimer's Ranch
Mona Peligrosa,Crankenstein,1,5.11d,Reimer's Ranch
Santeria,Crankenstein,1,5.11c,Reimer's Ranch
Mossotopia,Mossy Wall,3,5.11c,Reimer's Ranch North Shore
Imaginary Friend,Insanity Wall,4,5.11c,Reimer's Ranch North Shore
Deceptive Warmup,Mossy Wall,3,5.11a,Reimer's Ranch North Shore
Katrina,Mossy Wall,4,5.11d,Reimer's Ranch North Shore
Vanilla Sky,Awesome Roof,3,5.11b,Reimer's Ranch North Shore
Pay 3 (subroute of Pay at t…,Awesome Roof,4,5.11c,Reimer's Ranch North Shore
Pay 4 (subroute of Pay at t…,Awesome Roof,4,5.11c,Reimer's Ranch North Shore
My Name Was Muffin,Undead Cats Wall,4,5.11d,Reimer's Ranch North Shore
Mines Of Moria,Middle Earth Wall,3,5.11a,Reimer's Ranch North Shore
Pay 5 (subroute of Pay at t…,Awesome Roof,4,5.11d,Reimer's Ranch North Shore
Insane Tree Hugger,Insanity Wall,3,5.11-,Reimer's Ranch North Shore
Dave's Not Here,Cheech and Chong Wall,3,5.11b,Reimer's Ranch North Shore
Menopause Mania,Little Guide's Wall,4,5.11a,Reimer's Ranch North Shore
Big Huking Chicken,Insanity Wall,4,5.11a,Reimer's Ranch North Shore
Dinner with Dracula,Awesome Roof,3,5.11d,Reimer's Ranch North Shore
White Horse Mescalito,Little Guide's Wall,3,5.11a,Reimer's Ranch North Shore
The Stain,Mossy Wall,3,5.11+,Reimer's Ranch North Shore
Anger,Insanity Wall,3,5.11b,Reimer's Ranch North Shore
28 year engagement,Mossy Wall,3,5.11d,Reimer's Ranch North Shore
Rattled,Little Guide's Wall,3,5.11b,Reimer's Ranch North Shore
Fancy Feast,Mossy Wall,3,5.11b,Reimer's Ranch North Shore
Festivus, for the Rest of Us,Insanity Wall,3,5.11a,Reimer's Ranch North Shore
extension: Wild Men Wear Heels,Little Guide's Wall,3,5.11c,Reimer's Ranch North Shore
Unfinished Monkey Business,Undead Cats Wall,3,5.11b/c,Reimer's Ranch North Shore
Ode to an Era,Holladay Wall,3,5.11d,Reimer's Ranch North Shore
......Never Was, Never Will Be,Insanity Wall,3,5.11d,Reimer's Ranch North Shore
Global Warming,Insanity Wall,3,5.11d,Reimer's Ranch North Shore
Nac Nac,Undead Cats Wall,3,5.11d,Reimer's Ranch North Shore
Pie in the Sky,Undead Cats Wall,3,5.11a,Reimer's Ranch North Shore
War on Choss,Little Guide's Wall,3,5.11b,Reimer's Ranch North Shore
Schlitz My Liquor,Cheap Beer Wall,3,5.11b,Reimer's Ranch North Shore
Turtle Man,Awesome Roof,3,5.11d,Reimer's Ranch North Shore
L'arÃªte Des Jumeaux (The Ar…,Dreamer's Wall,3,5.11b/c,Reimer's Ranch North Shore
Highter,Cheech and Chong Wall,3,5.11b/c,Reimer's Ranch North Shore
Ringbearer,Middle Earth Wall,2,5.11a,Reimer's Ranch North Shore
Moss Cerveza,Mossy Wall,3,5.11c,Reimer's Ranch North Shore
Beyond The Sea,Middle Earth Wall,3,5.11a/b,Reimer's Ranch North Shore
Red Dog,Cheap Beer Wall,3,5.11c,Reimer's Ranch North Shore
Icehouses,Cheap Beer Wall,3,5.11c,Reimer's Ranch North Shore
Open Spaces,Dreamer's Wall,3,5.11b,Reimer's Ranch North Shore
Glass Slipper,Cheech and Chong Wall,2,5.11d,Reimer's Ranch North Shore
Dreamland,Dreamer's Wall,2,5.11a,Reimer's Ranch North Shore
Call of the Wild Man,Little Guide's Wall,2,5.11a/b,Reimer's Ranch North Shore
Bergargle,Little Guide's Wall,1,5.11a,Reimer's Ranch North Shore
Mickey's Crack,Cheech and Chong Wall,1,5.11a,Reimer's Ranch North Shore
Lenora Reimer's Turkey Call,Dreamer's Wall,1,5.11b,Reimer's Ranch North Shore
Years in the Making,Dreamer's Wall,1,5.11a,Reimer's Ranch North Shore
