Deceptive Warmup|Mossy Wall|3|5.11a|Reimer's Ranch North Shore
Mines Of Moria|Middle Earth Wall|3|5.11a|Reimer's Ranch North Shore
Insane Tree Hugger|Insanity Wall|3|5.11-|Reimer's Ranch North Shore
Menopause Mania|Little Guide's Wall|4|5.11a|Reimer's Ranch North Shore
Big Huking Chicken|Insanity Wall|4|5.11a|Reimer's Ranch North Shore
White Horse Mescalito|Little Guide's Wall|3|5.11a|Reimer's Ranch North Shore
Festivus, for the Rest of Us|Insanity Wall|3|5.11a|Reimer's Ranch North Shore
Pie in the Sky|Undead Cats Wall|3|5.11a|Reimer's Ranch North Shore
Ringbearer|Middle Earth Wall|2|5.11a|Reimer's Ranch North Shore
Beyond The Sea|Middle Earth Wall|3|5.11a/b|Reimer's Ranch North Shore
Dreamland|Dreamer's Wall|2|5.11a|Reimer's Ranch North Shore
Call of the Wild Man|Little Guide's Wall|2|5.11a/b|Reimer's Ranch North Shore
Bergargle|Little Guide's Wall|1|5.11a|Reimer's Ranch North Shore
Mickey's Crack|Cheech and Chong Wall|1|5.11a|Reimer's Ranch North Shore
Years in the Making|Dreamer's Wall|1|5.11a|Reimer's Ranch North Shore
Bolt Talk|Dr. Seuss / Prototype Wall|3|5.11a|Reimer's Ranch
Wife in the Fast Lane|Crankenstein|3|5.11a|Reimer's Ranch
Centipede|Dead Cats|3|5.11a|Reimer's Ranch
Karen Carpenter|Oblivion Wall|3|5.11a|Reimer's Ranch
Cliptomania|Arbor Wall|3|5.11a|Reimer's Ranch
Unnatural|Dr. Seuss / Prototype Wall|3|5.11a|Reimer's Ranch
Bastards in the Brothel|House of Pain|3|5.11a|Reimer's Ranch
El Presidente|Tit for Tom|3|5.11a|Reimer's Ranch
Dude, where's my hammer?|Crankenstein|3|5.11-|Reimer's Ranch
Juniper|Arbor Wall|3|5.11a|Reimer's Ranch
Crack Attack|Insect Wall (including Block Party)|3|5.11a|Reimer's Ranch
Chainsaw|Arbor Wall|3|5.11a|Reimer's Ranch
Blank Page|Serpent Wall|2|5.11a|Reimer's Ranch
Dude Where's My Hammer|War on Rugs Wall|2|5.11-|Reimer's Ranch
Mad Beef|World's Greatest Boulder|3|5.11a|Reimer's Ranch
The Great Unknown|Dead Cats|2|5.11a|Reimer's Ranch
Ant Encouters|Crankenstein|3|5.11a|Reimer's Ranch
Teenage Parties|Crankenstein|2|5.11a/b|Reimer's Ranch
Thing 1 Thing 2|Dr. Seuss / Prototype Wall|2|5.11a|Reimer's Ranch
Ant Encounters|War on Rugs Wall|2|5.11a|Reimer's Ranch
Gang Bang|Crankenstein|2|5.11a|Reimer's Ranch
Friends and Lovers|King Bee Memorial Buttress|2|5.11a|Reimer's Ranch
Friends and Lovers|Sex Canyon|1|5.11a|Reimer's Ranch
