My Name is Mud|Dead Cats|3|5.9|Reimer's Ranch
Dead Cats|Dead Cats|3|5.10b/c|Reimer's Ranch
Water Ballet|Dead Cats|3|5.10b/c|Reimer's Ranch
Back Flip|Dead Cats|2|5.9|Reimer's Ranch
Reimerama|Dead Cats|3|5.10a|Reimer's Ranch
Hello Kitty|Dead Cats|3|5.10a|Reimer's Ranch
Deviance (aka 5.10 roof)|Sunshine Roof|3|5.10a|Reimer's Ranch
Madrone|Dead Cats|3|5.9|Reimer's Ranch
El Primero|Serpent Wall|3|5.9|Reimer's Ranch
God Bless the IRS |Serpent Wall|3|5.9-|Reimer's Ranch
Clone Call|Dr. Seuss / Prototype Wall|2|5.9|Reimer's Ranch
Almost Nothing To It|Dead Cats|2|5.9|Reimer's Ranch
Hair Balls and Spray|Dead Cats|3|5.10b|Reimer's Ranch
Fat Chicks Tryin' to Be Sexy|Oblivion Wall|3|5.10a|Reimer's Ranch
Moroccan Snake Charmer|Serpent Wall|3|5.9-|Reimer's Ranch
Bisector|Dr. Seuss / Prototype Wall|2|5.10a|Reimer's Ranch
Gut Punch the Buddha|Oblivion Wall|2|5.9|Reimer's Ranch
Tree|Mai Tai Wall|3|5.9+|Reimer's Ranch
Hat Dance|Oblivion Wall|3|5.9|Reimer's Ranch
Double Take (aka. 5.9 Roof)|Sunshine Roof|3|5.9|Reimer's Ranch
Light Buzzyear|Zoe's Wall|2|5.9|Reimer's Ranch
Crack Smack|Mai Tai Wall|3|5.10b|Reimer's Ranch
Star Belly Sneeches|Dr. Seuss / Prototype Wall|2|5.10b/c|Reimer's Ranch
Traverse: R.O.S.|Rhetoric Wall|3|5.10b|Reimer's Ranch
Die Hard|War on Rugs Wall|3|5.10a|Reimer's Ranch
Deception Pass|Hand Beyond Wall|3|5.10a|Reimer's Ranch
I Speak for the Trees|Mai Tai Wall|3|5.10a|Reimer's Ranch
Apprehension|Crankenstein|3|5.10a|Reimer's Ranch
Go For the Jugular|Hand Beyond Wall|2|5.10b|Reimer's Ranch
Kindling|Arbor Wall|3|5.10b|Reimer's Ranch
Mammaz Boyz|Dead Cats Annex|3|5.9|Reimer's Ranch
Die Hard|Crankenstein|2|5.10a|Reimer's Ranch
KB5|Serpent Wall|2|5.9|Reimer's Ranch
Smitten Psychopath|Dr. Seuss / Prototype Wall|2|5.9|Reimer's Ranch
Hairlipped Dog|Hand Beyond Wall|3|5.10b|Reimer's Ranch
Let the Wallies Loose|Mai Tai Wall|3|5.9|Reimer's Ranch
Left of Ferntasm|Arbor Wall|3|5.10b|Reimer's Ranch
DaddyÂ’s Girl|Hand Beyond Wall|2|5.10b|Reimer's Ranch
Back Off Crack|Crankenstein|3|5.9|Reimer's Ranch
Arbortrary|Arbor Wall|2|5.9|Reimer's Ranch
Mrs. Johnson|Arbor Wall|2|5.10b|Reimer's Ranch
Freedom Fries|Hand Beyond Wall|2|5.10a/b|Reimer's Ranch
Ferntasm|Arbor Wall|2|5.10b|Reimer's Ranch
High Anxiety|Sex Canyon|2|5.10b/c|Reimer's Ranch
Fearless|T-Roofic Wall|2|5.10a|Reimer's Ranch
Bolted like Riemer's|Crankenstein|2|5.10|Reimer's Ranch
The Sting|Dead Cats Annex|2|5.9|Reimer's Ranch
Last Meows|Dead Cats|2|5.10a|Reimer's Ranch
Quality Ivy|Dead Cats Annex|2|5.10a|Reimer's Ranch
The Last Waltz|Sunshine Roof|2|5.10a|Reimer's Ranch
George of the Jungle|Arbor Wall|2|5.10b|Reimer's Ranch
How to Counter Your Apprehe…|War on Rugs Wall|2|5.10a|Reimer's Ranch
Annie Up (5.9) variation|Hand Beyond Wall|2|5.9|Reimer's Ranch
Unknown 10a|Hand Beyond Wall|2|5.10a|Reimer's Ranch
Booger Boy|Hand Beyond Wall|2|5.10b|Reimer's Ranch
Hack in the Fast Lane|Arbor Wall|2|5.9|Reimer's Ranch
Bolted like Mex|Dead Cats|2|5.10|Reimer's Ranch
Monkey Pajamas|Landfill Wall|1|5.10a|Reimer's Ranch
A Mortal Life|Middle Earth Wall|3|5.10a|Reimer's Ranch North Shore
Amazing Legacy of J.R.R. To…|Middle Earth Wall|2|5.10a|Reimer's Ranch North Shore
Psycho Killer|Insanity Wall|3|5.10b|Reimer's Ranch North Shore
Troll Teeth|Middle Earth Wall|3|5.10b|Reimer's Ranch North Shore
Corsicane Brothers|Cheech and Chong Wall|3|5.10a|Reimer's Ranch North Shore
Champaign and Strawberries|Little Guide's Wall|3|5.10b|Reimer's Ranch North Shore
Orc's Drool|Middle Earth Wall|3|5.10a|Reimer's Ranch North Shore
Bilbo's Bag|Middle Earth Wall|2|5.9|Reimer's Ranch North Shore
Illusion Mentor|Insanity Wall|3|5.9|Reimer's Ranch North Shore
Blood of Dwarves|Middle Earth Wall|2|5.9|Reimer's Ranch North Shore
Living on The Edge|Gypsy Wall|3|5.10b|Reimer's Ranch North Shore
Dwarven Greed|Middle Earth Wall|3|5.10b|Reimer's Ranch North Shore
Love Potion No. 9|Gypsy Wall|2|5.9|Reimer's Ranch North Shore
Up in Smoke|Cheech and Chong Wall|2|5.10b|Reimer's Ranch North Shore
Right in Two|Buzzards Roof|3|5.10b|Reimer's Ranch North Shore
Still Smokin|Cheech and Chong Wall|2|5.9-|Reimer's Ranch North Shore
Mr. Hyde|Insanity Wall|3|5.10b|Reimer's Ranch North Shore
The Fellowship|Middle Earth Wall|2|5.9+|Reimer's Ranch North Shore
Huevo's Locos|Insanity Wall|3|5.10a|Reimer's Ranch North Shore
Dr. Jekyll|Insanity Wall|2|5.10b|Reimer's Ranch North Shore
Earth's End|Middle Earth Wall|2|5.10a/b|Reimer's Ranch North Shore
Snagglefarkin'|Middle Earth Wall|2|5.10b/c|Reimer's Ranch North Shore
More Fun Than Bubblewrap|Insanity Wall|3|5.10a|Reimer's Ranch North Shore
Drillzaster|Little Guide's Wall|3|5.9|Reimer's Ranch North Shore
Pluto's Hole|Cheech and Chong Wall|2|5.10b|Reimer's Ranch North Shore
The Mexican Says So|Holladay Wall|2|5.9|Reimer's Ranch North Shore
Shelob|Middle Earth Wall|2|5.10a/b|Reimer's Ranch North Shore
Bengy Bengy Fever|Little Guide's Wall|3|5.10a|Reimer's Ranch North Shore
Hexed|Gypsy Wall|2|5.9+|Reimer's Ranch North Shore
The Mexican|Holladay Wall|2|5.9|Reimer's Ranch North Shore
Choose Your Path|Little Guide's Wall|2|5.9+|Reimer's Ranch North Shore
Smeagol|Middle Earth Wall|2|5.9|Reimer's Ranch North Shore
What a Load|Little Guide's Wall|2|5.10b/c|Reimer's Ranch North Shore
R.I.P.|Holladay Wall|2|5.10b|Reimer's Ranch North Shore
Just Checked In|Dude Wall|2|5.9|Reimer's Ranch North Shore
What's a Wanker you Tosser|Holladay Wall|2|5.9+|Reimer's Ranch North Shore
Worm Tounge|Middle Earth Wall|2|5.9|Reimer's Ranch North Shore
PLD|Little Guide's Wall|2|5.9|Reimer's Ranch North Shore
Flight From Mordor|Middle Earth Wall|2|5.10b|Reimer's Ranch North Shore
Blank|Holladay Wall|1|5.10b|Reimer's Ranch North Shore
The Quatch|Holladay Wall|1|5.9|Reimer's Ranch North Shore
Don't Mess With the Jesus|Dude Wall|1|5.9+|Reimer's Ranch North Shore
